Date,High,Low,Open,Close,Volume,Adj Close,Name
2020-03-19,12.0,12.0,12.0,12.0,100.0,11.625091552734375,CARR
2020-03-20,13.0,12.0,13.0,12.75,2300.0,12.351658821105957,CARR
2020-03-23,12.75,11.5,12.75,11.539999961853027,18700.0,11.179461479187012,CARR
2020-03-24,12.899999618530273,11.5,12.899999618530273,11.699999809265137,96100.0,11.33446216583252,CARR
2020-03-25,13.449999809265137,11.800000190734863,11.800000190734863,13.449999809265137,19200.0,13.02978801727295,CARR
2020-03-26,15.449999809265137,14.0,14.0,15.449999809265137,76400.0,14.967305183410645,CARR
2020-03-27,16.0,14.550000190734863,15.0,14.550000190734863,486500.0,14.095423698425293,CARR
2020-03-30,16.5,15.25,15.25,15.899999618530273,210000.0,15.403244972229004,CARR
2020-03-31,17.25,14.5600004196167,16.389999389648438,17.25,461500.0,16.71106719970703,CARR
2020-04-01,16.0,14.5600004196167,16.0,15.050000190734863,2998900.0,14.579801559448242,CARR
2020-04-02,15.899999618530273,12.119999885559082,15.65999984741211,13.279999732971191,15966300.0,12.865100860595703,CARR
2020-04-03,17.0,13.380000114440918,13.75,16.920000076293945,66934300.0,16.39137840270996,CARR
2020-04-06,17.149999618530273,14.850000381469727,17.059999465942383,15.4399995803833,37138000.0,14.95761489868164,CARR
2020-04-07,15.800000190734863,14.550000190734863,15.199999809265137,15.25,23486000.0,14.773553848266602,CARR
2020-04-08,15.25,13.729999542236328,14.5,14.260000228881836,49372700.0,13.814484596252441,CARR
2020-04-09,15.5,13.899999618530273,14.0,14.779999732971191,34992600.0,14.318236351013184,CARR
2020-04-13,14.5,13.979999542236328,14.5,13.989999771118164,21497400.0,13.552919387817383,CARR
2020-04-14,14.199999809265137,13.779999732971191,14.0,13.869999885559082,22350000.0,13.436666488647461,CARR
2020-04-15,13.654999732971191,12.9399995803833,13.529999732971191,13.359999656677246,14990700.0,12.94260025024414,CARR
2020-04-16,13.25,12.260000228881836,13.149999618530273,12.890000343322754,21745200.0,12.487284660339355,CARR
2020-04-17,13.829999923706055,12.930000305175781,13.300000190734863,13.739999771118164,21336500.0,13.310728073120117,CARR
2020-04-20,14.739999771118164,13.475000381469727,13.5,14.449999809265137,20032200.0,13.998544692993164,CARR
2020-04-21,15.25,14.180000305175781,14.220000267028809,14.6899995803833,16235900.0,14.231048583984375,CARR
2020-04-22,15.15999984741211,14.220000267028809,14.949999809265137,14.789999961853027,12539500.0,14.327923774719238,CARR
2020-04-23,15.920000076293945,14.609999656677246,14.699999809265137,15.720000267028809,12226000.0,15.228870391845703,CARR
2020-04-24,16.670000076293945,15.289999961853027,15.600000381469727,16.25,17390000.0,15.7423095703125,CARR
2020-04-27,16.809999465942383,15.975000381469727,16.170000076293945,16.799999237060547,12186100.0,16.27512550354004,CARR
2020-04-28,17.75,16.610000610351562,16.8799991607666,17.0,12983800.0,16.46887969970703,CARR
2020-04-29,18.079999923706055,17.170000076293945,17.459999084472656,17.639999389648438,12523200.0,17.088884353637695,CARR
2020-04-30,17.84000015258789,16.985000610351562,17.219999313354492,17.709999084472656,19094100.0,17.15669822692871,CARR
2020-05-01,17.350000381469727,16.6200008392334,17.329999923706055,16.770000457763672,10727200.0,16.246068954467773,CARR
2020-05-04,16.520000457763672,15.6899995803833,16.149999618530273,16.399999618530273,9700300.0,15.887624740600586,CARR
2020-05-05,16.760000228881836,15.84000015258789,16.68000030517578,15.970000267028809,16298000.0,15.471059799194336,CARR
2020-05-06,16.3700008392334,15.430000305175781,16.0,16.290000915527344,10647200.0,15.781060218811035,CARR
2020-05-07,17.040000915527344,15.880000114440918,16.209999084472656,16.40999984741211,12454100.0,15.897311210632324,CARR
2020-05-08,18.399999618530273,16.934999465942383,17.040000915527344,18.360000610351562,17693300.0,17.78639030456543,CARR
2020-05-11,18.75,18.020000457763672,18.43000030517578,18.350000381469727,9574600.0,17.776700973510742,CARR
2020-05-12,18.399999618530273,17.690000534057617,18.389999389648438,17.799999237060547,7743200.0,17.243885040283203,CARR
2020-05-13,17.437000274658203,16.100000381469727,17.209999084472656,16.440000534057617,10676300.0,15.926376342773438,CARR
2020-05-14,16.71500015258789,15.720000267028809,16.020000457763672,16.549999237060547,7797200.0,16.032936096191406,CARR
2020-05-15,16.96500015258789,16.0,16.299999237060547,16.709999084472656,7353800.0,16.187936782836914,CARR
2020-05-18,17.719999313354492,17.290000915527344,17.299999237060547,17.549999237060547,6135000.0,17.00169563293457,CARR
2020-05-19,17.920000076293945,17.149999618530273,17.440000534057617,17.770000457763672,8338100.0,17.214826583862305,CARR
2020-05-20,19.049999237060547,18.040000915527344,18.15999984741211,18.729999542236328,11910000.0,18.14483070373535,CARR
2020-05-21,19.520000457763672,18.5,18.540000915527344,19.450000762939453,9711500.0,18.842336654663086,CARR
2020-05-22,19.860000610351562,18.950000762939453,19.469999313354492,19.049999237060547,5937100.0,18.454830169677734,CARR
2020-05-26,20.600000381469727,19.34000015258789,19.610000610351562,19.510000228881836,7305400.0,18.90045928955078,CARR
2020-05-27,20.1299991607666,19.43000030517578,19.56999969482422,19.989999771118164,8969700.0,19.36546516418457,CARR
2020-05-28,20.459999084472656,19.5049991607666,20.079999923706055,19.600000381469727,8509200.0,18.987648010253906,CARR
2020-05-29,20.979999542236328,18.8799991607666,18.959999084472656,20.469999313354492,32990600.0,19.830467224121094,CARR
2020-06-01,21.950000762939453,20.549999237060547,20.549999237060547,21.81999969482422,7695700.0,21.138288497924805,CARR
2020-06-02,21.82900047302246,20.905000686645508,21.690000534057617,21.360000610351562,8295600.0,20.69266128540039,CARR
2020-06-03,22.579999923706055,21.3799991607666,21.469999313354492,22.219999313354492,9636300.0,21.52579116821289,CARR
2020-06-04,23.1200008392334,22.030000686645508,22.030000686645508,22.68000030517578,6651900.0,21.97142219543457,CARR
2020-06-05,24.399999618530273,23.3799991607666,23.540000915527344,23.559999465942383,7843600.0,22.823928833007812,CARR
2020-06-08,24.3799991607666,23.309999465942383,23.6299991607666,24.3700008392334,8570400.0,23.608623504638672,CARR
2020-06-09,23.959999084472656,23.209999084472656,23.739999771118164,23.209999084472656,6850000.0,22.484861373901367,CARR
2020-06-10,23.149999618530273,22.040000915527344,22.309999465942383,22.200000762939453,10262100.0,21.506420135498047,CARR
2020-06-11,21.799999237060547,20.0,20.15999984741211,21.059999465942383,6834800.0,20.402034759521484,CARR
2020-06-12,22.309999465942383,21.020000457763672,22.0,21.540000915527344,5212800.0,20.867036819458008,CARR
2020-06-15,22.540000915527344,20.6299991607666,20.719999313354492,21.969999313354492,7735600.0,21.28360366821289,CARR
2020-06-16,22.979999542236328,21.924999237060547,22.959999084472656,22.06999969482422,7287800.0,21.380477905273438,CARR
2020-06-17,22.34000015258789,21.079999923706055,22.170000076293945,21.260000228881836,5737700.0,20.59578514099121,CARR
2020-06-18,21.889999389648438,21.0,21.0,21.25,3618900.0,20.586097717285156,CARR
2020-06-19,21.850000381469727,21.0,21.760000228881836,21.450000762939453,14451100.0,20.77985191345215,CARR
2020-06-22,22.825000762939453,21.309999465942383,21.520000457763672,22.739999771118164,5995500.0,22.0295467376709,CARR
2020-06-23,23.239999771118164,22.31999969482422,23.1200008392334,22.389999389648438,5961200.0,21.69048309326172,CARR
2020-06-24,22.65999984741211,21.450000762939453,22.100000381469727,21.81999969482422,6825600.0,21.138288497924805,CARR
2020-06-25,21.8700008392334,21.03499984741211,21.6200008392334,21.520000457763672,6141000.0,20.92437744140625,CARR
2020-06-26,21.739999771118164,20.590999603271484,21.520000457763672,20.969999313354492,21346900.0,20.389598846435547,CARR
2020-06-29,22.469999313354492,21.0,21.079999923706055,22.1200008392334,8086000.0,21.50777244567871,CARR
2020-06-30,22.40999984741211,21.40999984741211,21.809999465942383,22.219999313354492,7082500.0,21.605003356933594,CARR
2020-07-01,23.010000228881836,21.8700008392334,22.31999969482422,22.610000610351562,9181500.0,21.984209060668945,CARR
2020-07-02,23.219999313354492,22.56999969482422,22.989999771118164,22.90999984741211,5667400.0,22.275907516479492,CARR
2020-07-06,24.290000915527344,23.1299991607666,23.1299991607666,24.209999084472656,7145200.0,23.53992462158203,CARR
2020-07-07,24.18000030517578,23.724000930786133,23.760000228881836,24.010000228881836,4671900.0,23.345460891723633,CARR
2020-07-08,24.09000015258789,23.459999084472656,23.8799991607666,23.989999771118164,4692100.0,23.32601547241211,CARR
2020-07-09,24.219999313354492,23.760000228881836,24.0,23.90999984741211,5470300.0,23.248228073120117,CARR
2020-07-10,26.059999465942383,23.719999313354492,23.84000015258789,24.889999389648438,12262400.0,24.20110511779785,CARR
2020-07-13,25.209999084472656,23.260000228881836,25.139999389648438,24.280000686645508,8562400.0,23.607988357543945,CARR
2020-07-14,25.15999984741211,24.229999542236328,24.299999237060547,25.149999618530273,7218300.0,24.453908920288086,CARR
2020-07-15,26.56999969482422,25.540000915527344,25.579999923706055,26.450000762939453,5798700.0,25.717927932739258,CARR
2020-07-16,26.989999771118164,25.920000076293945,26.1200008392334,26.610000610351562,4863400.0,25.87350082397461,CARR
2020-07-17,26.899999618530273,26.329999923706055,26.889999389648438,26.479999542236328,3187100.0,25.74709701538086,CARR
2020-07-20,26.540000915527344,26.065000534057617,26.219999313354492,26.40999984741211,2442800.0,25.679035186767578,CARR
2020-07-21,26.799999237060547,26.15999984741211,26.290000915527344,26.56999969482422,4952700.0,25.834604263305664,CARR
2020-07-22,27.059999465942383,26.31999969482422,26.34000015258789,26.600000381469727,3503900.0,25.86377716064453,CARR
2020-07-23,27.6299991607666,26.520000457763672,26.65999984741211,27.350000381469727,6245400.0,26.593019485473633,CARR
2020-07-24,27.260000228881836,26.540000915527344,27.25,26.579999923706055,8293000.0,25.844329833984375,CARR
2020-07-27,26.780000686645508,26.079999923706055,26.5,26.25,5734900.0,25.523462295532227,CARR
2020-07-28,26.399999618530273,25.850000381469727,26.06999969482422,26.06999969482422,9895100.0,25.34844398498535,CARR
2020-07-29,27.719999313354492,26.110000610351562,26.110000610351562,27.18000030517578,12657500.0,26.42772102355957,CARR
2020-07-30,27.5,25.600000381469727,25.850000381469727,26.899999618530273,6742900.0,26.155471801757812,CARR
2020-07-31,27.354999542236328,26.6299991607666,26.850000381469727,27.239999771118164,9261300.0,26.48606300354004,CARR
2020-08-03,27.889999389648438,27.010000228881836,27.239999771118164,27.6200008392334,4115900.0,26.855546951293945,CARR
2020-08-04,27.8700008392334,27.15999984741211,27.399999618530273,27.770000457763672,4382200.0,27.001392364501953,CARR
2020-08-05,28.174999237060547,27.65999984741211,27.65999984741211,28.110000610351562,4177300.0,27.33198356628418,CARR
2020-08-06,28.540000915527344,27.940000534057617,28.020000457763672,28.270000457763672,3648700.0,27.4875545501709,CARR
2020-08-07,29.030000686645508,28.440000534057617,28.719999313354492,28.969999313354492,3477900.0,28.168180465698242,CARR
2020-08-10,29.56999969482422,28.90999984741211,29.020000457763672,29.459999084472656,3516900.0,28.644617080688477,CARR
2020-08-11,30.31999969482422,29.440000534057617,30.15999984741211,29.489999771118164,5113800.0,28.67378807067871,CARR
2020-08-12,30.190000534057617,29.6200008392334,29.8700008392334,29.790000915527344,3523800.0,28.965484619140625,CARR
2020-08-13,30.280000686645508,29.3700008392334,29.899999618530273,29.540000915527344,3643800.0,28.72240447998047,CARR
2020-08-14,30.04800033569336,29.280000686645508,29.709999084472656,29.520000457763672,5008300.0,28.702957153320312,CARR
2020-08-17,30.184999465942383,29.14299964904785,29.5,29.84000015258789,4588200.0,29.014101028442383,CARR
2020-08-18,30.049999237060547,29.3700008392334,29.719999313354492,29.459999084472656,3412900.0,28.644617080688477,CARR
2020-08-19,29.690000534057617,29.1200008392334,29.540000915527344,29.25,3864000.0,28.440433502197266,CARR
2020-08-20,29.40999984741211,28.75,29.020000457763672,29.010000228881836,3166800.0,28.207075119018555,CARR
2020-08-21,29.81999969482422,29.084999084472656,29.15999984741211,29.520000457763672,3112600.0,28.702957153320312,CARR
2020-08-24,30.440000534057617,29.739999771118164,29.760000228881836,30.3799991607666,3117300.0,29.53915786743164,CARR
2020-08-25,30.80500030517578,30.40999984741211,30.5,30.469999313354492,3233600.0,29.626663208007812,CARR
2020-08-26,31.239999771118164,30.40999984741211,30.510000228881836,31.030000686645508,3316600.0,30.171165466308594,CARR
2020-08-27,31.239999771118164,30.15999984741211,31.06999969482422,30.280000686645508,4144700.0,29.441925048828125,CARR
2020-08-28,30.475000381469727,29.954999923706055,30.3799991607666,30.299999237060547,3689900.0,29.46137046813965,CARR
2020-08-31,30.459999084472656,29.829999923706055,30.190000534057617,29.850000381469727,3572700.0,29.023826599121094,CARR
2020-09-01,30.360000610351562,29.170000076293945,29.65999984741211,30.299999237060547,2778500.0,29.46137046813965,CARR
2020-09-02,30.950000762939453,29.84000015258789,30.219999313354492,30.780000686645508,3445400.0,29.928085327148438,CARR
2020-09-03,30.690000534057617,28.959999084472656,30.5,29.329999923706055,5049400.0,28.51821517944336,CARR
2020-09-04,30.094999313354492,28.829999923706055,29.43000030517578,30.0,4277400.0,29.1696720123291,CARR
2020-09-08,30.25,29.200000762939453,29.350000381469727,29.56999969482422,4733300.0,28.751575469970703,CARR
2020-09-09,30.344999313354492,29.549999237060547,29.93000030517578,30.1299991607666,4782000.0,29.296072006225586,CARR
2020-09-10,30.010000228881836,28.579999923706055,29.899999618530273,29.139999389648438,9090300.0,28.333473205566406,CARR
2020-09-11,29.645000457763672,29.010000228881836,29.170000076293945,29.239999771118164,4547300.0,28.430709838867188,CARR
2020-09-14,29.440000534057617,28.829999923706055,29.399999618530273,29.149999618530273,4299400.0,28.343198776245117,CARR
2020-09-15,30.040000915527344,29.301000595092773,29.479999542236328,29.690000534057617,4052100.0,28.868253707885742,CARR
2020-09-16,30.53499984741211,29.524999618530273,30.15999984741211,30.25,4884300.0,29.412752151489258,CARR
2020-09-17,30.69499969482422,29.3700008392334,29.770000457763672,30.65999984741211,4735100.0,29.811405181884766,CARR
2020-09-18,31.200000762939453,30.5,30.5,30.790000915527344,8061000.0,29.937808990478516,CARR
2020-09-21,30.770000457763672,29.219999313354492,30.290000915527344,29.510000228881836,4516900.0,28.693235397338867,CARR
2020-09-22,30.329999923706055,29.489999771118164,29.510000228881836,30.260000228881836,4719700.0,29.422475814819336,CARR
2020-09-23,30.420000076293945,29.100000381469727,30.399999618530273,29.110000610351562,3348800.0,28.30430793762207,CARR
2020-09-24,29.969999313354492,28.790000915527344,29.1200008392334,29.8799991607666,4269300.0,29.052993774414062,CARR
2020-09-25,30.5,29.350000381469727,29.399999618530273,30.489999771118164,2845700.0,29.646108627319336,CARR
2020-09-28,31.559999465942383,30.43000030517578,30.75,30.739999771118164,7027600.0,29.889190673828125,CARR
2020-09-29,30.690000534057617,30.079999923706055,30.510000228881836,30.5,6851300.0,29.65583610534668,CARR
2020-09-30,31.239999771118164,30.350000381469727,30.610000610351562,30.540000915527344,5066600.0,29.694730758666992,CARR
2020-10-01,31.059999465942383,30.549999237060547,30.719999313354492,30.770000457763672,3730300.0,29.918363571166992,CARR
2020-10-02,31.520000457763672,30.260000228881836,30.34000015258789,31.229999542236328,2483100.0,30.36562728881836,CARR
2020-10-05,32.470001220703125,31.639999389648438,31.639999389648438,32.08000183105469,5088600.0,31.192106246948242,CARR
2020-10-06,32.38999938964844,31.450000762939453,32.34000015258789,31.510000228881836,2439400.0,30.637876510620117,CARR
2020-10-07,32.290000915527344,31.889999389648438,31.93000030517578,32.119998931884766,2209700.0,31.230995178222656,CARR
2020-10-08,32.46699905395508,31.6299991607666,32.310001373291016,31.950000762939453,2276400.0,31.065702438354492,CARR
2020-10-09,32.54999923706055,31.709999084472656,31.90999984741211,32.22999954223633,2700800.0,31.337953567504883,CARR
2020-10-12,33.15999984741211,32.20000076293945,32.59000015258789,33.0,3302600.0,32.086639404296875,CARR
2020-10-13,33.470001220703125,32.040000915527344,33.29999923706055,32.4900016784668,3534500.0,31.59075927734375,CARR
2020-10-14,33.04999923706055,32.43000030517578,32.68000030517578,32.5099983215332,3443600.0,31.610198974609375,CARR
2020-10-15,32.65999984741211,32.0099983215332,32.09000015258789,32.599998474121094,2691600.0,31.697711944580078,CARR
2020-10-16,33.27000045776367,32.41999816894531,32.91999816894531,32.7599983215332,3723000.0,31.85327911376953,CARR
2020-10-19,33.0,32.06999969482422,32.79999923706055,32.31999969482422,5529300.0,31.425458908081055,CARR
2020-10-20,33.79999923706055,32.349998474121094,32.45000076293945,33.22999954223633,3944800.0,32.310272216796875,CARR
2020-10-21,33.439998626708984,32.900001525878906,33.060001373291016,33.349998474121094,2909800.0,32.42695617675781,CARR
2020-10-22,34.130001068115234,33.150001525878906,33.150001525878906,33.88999938964844,3987700.0,32.95201110839844,CARR
2020-10-23,34.959999084472656,33.86000061035156,33.900001525878906,34.93000030517578,5072400.0,33.96322250366211,CARR
2020-10-26,34.45000076293945,33.27000045776367,34.45000076293945,33.709999084472656,5196800.0,32.7769889831543,CARR
2020-10-27,33.939998626708984,33.11000061035156,33.83000183105469,33.599998474121094,4032300.0,32.67002868652344,CARR
2020-10-28,33.7599983215332,32.7599983215332,32.93000030517578,33.29999923706055,6485900.0,32.378334045410156,CARR
2020-10-29,34.779998779296875,32.93000030517578,33.790000915527344,34.06999969482422,11949600.0,33.20680236816406,CARR
2020-10-30,34.880001068115234,33.0,33.970001220703125,33.38999938964844,6741100.0,32.544029235839844,CARR
2020-11-02,35.130001068115234,33.869998931884766,34.0,35.099998474121094,6313000.0,34.2107048034668,CARR
2020-11-03,37.0099983215332,35.43000030517578,35.45000076293945,36.95000076293945,6733100.0,36.01383972167969,CARR
2020-11-04,37.400001525878906,35.5,35.630001068115234,36.779998779296875,9039400.0,35.84813690185547,CARR
2020-11-05,38.29999923706055,37.380001068115234,37.5099983215332,38.20000076293945,5778100.0,37.2321662902832,CARR
2020-11-06,39.029998779296875,38.14500045776367,38.529998779296875,38.95000076293945,3443000.0,37.963157653808594,CARR
2020-11-09,41.29999923706055,38.68000030517578,40.7400016784668,38.79999923706055,7186400.0,37.81696319580078,CARR
2020-11-10,39.349998474121094,37.58000183105469,39.029998779296875,37.810001373291016,5588400.0,36.852046966552734,CARR
2020-11-11,38.72999954223633,37.88999938964844,38.4900016784668,38.060001373291016,4633000.0,37.0957145690918,CARR
2020-11-12,38.935001373291016,37.78499984741211,38.0,37.959999084472656,8192500.0,36.99824142456055,CARR
2020-11-13,38.61000061035156,38.13999938964844,38.22999954223633,38.290000915527344,5498900.0,37.319881439208984,CARR
2020-11-16,40.5099983215332,38.47999954223633,39.2400016784668,40.5,6135600.0,39.4738883972168,CARR
2020-11-17,41.47999954223633,39.86000061035156,41.45000076293945,40.36000061035156,6882700.0,39.337432861328125,CARR
2020-11-18,40.59000015258789,39.369998931884766,40.279998779296875,39.38999938964844,5997200.0,38.39201736450195,CARR
2020-11-19,39.279998779296875,38.5099983215332,39.0,39.130001068115234,8524800.0,38.13860321044922,CARR
2020-11-20,39.099998474121094,38.209999084472656,38.93000030517578,38.540000915527344,4338700.0,37.56355285644531,CARR
2020-11-23,39.13999938964844,38.400001525878906,39.0,38.77000045776367,6231700.0,37.787723541259766,CARR
2020-11-24,39.564998626708984,38.43000030517578,38.939998626708984,39.369998931884766,7022300.0,38.37251663208008,CARR
2020-11-25,39.2400016784668,38.52000045776367,39.060001373291016,38.61000061035156,4280300.0,37.63177490234375,CARR
2020-11-27,38.84000015258789,37.459999084472656,38.689998626708984,37.810001373291016,5923500.0,36.852046966552734,CARR
2020-11-30,38.47999954223633,37.40999984741211,37.75,38.06999969482422,21169200.0,37.10545349121094,CARR
2020-12-01,38.939998626708984,37.54999923706055,38.63999938964844,37.599998474121094,6595200.0,36.64736557006836,CARR
2020-12-02,37.279998779296875,36.560001373291016,37.189998626708984,36.83000183105469,5578000.0,35.896881103515625,CARR
2020-12-03,37.77000045776367,36.599998474121094,37.189998626708984,36.689998626708984,5411900.0,35.76041793823242,CARR
2020-12-04,37.970001220703125,37.05500030517578,37.27000045776367,37.70000076293945,5534700.0,36.744834899902344,CARR
2020-12-07,37.70000076293945,36.709999084472656,37.54999923706055,36.84000015258789,3825100.0,35.90662384033203,CARR
2020-12-08,37.56999969482422,36.61000061035156,36.63999938964844,37.29999923706055,4022800.0,36.35496139526367,CARR
2020-12-09,37.9900016784668,37.38999938964844,37.40999984741211,37.84000015258789,4134800.0,36.881282806396484,CARR
2020-12-10,38.470001220703125,37.266998291015625,37.66999816894531,37.540000915527344,4095700.0,36.58888626098633,CARR
2020-12-11,37.38999938964844,36.7599983215332,37.15999984741211,37.15999984741211,3102600.0,36.21851348876953,CARR
2020-12-14,37.54999923706055,36.52000045776367,37.5,36.619998931884766,6301200.0,35.692203521728516,CARR
2020-12-15,37.90999984741211,36.52000045776367,37.099998474121094,37.66999816894531,4832100.0,36.7155876159668,CARR
2020-12-16,38.02000045776367,37.34000015258789,37.72999954223633,38.0,3990600.0,37.0372314453125,CARR
2020-12-17,38.8650016784668,38.25,38.40999984741211,38.70000076293945,4095200.0,37.71950149536133,CARR
2020-12-18,38.86000061035156,37.61000061035156,38.75,38.790000915527344,9683100.0,37.80722427368164,CARR
2020-12-21,38.720001220703125,37.930999755859375,38.0,38.52000045776367,2835900.0,37.54405975341797,CARR
2020-12-22,38.52000045776367,37.86000061035156,38.290000915527344,38.029998779296875,3303800.0,37.18230056762695,CARR
2020-12-23,38.400001525878906,37.79999923706055,38.119998931884766,38.15999984741211,2367600.0,37.30940628051758,CARR
2020-12-24,38.2400016784668,37.849998474121094,37.90999984741211,37.88999938964844,1395100.0,37.0454216003418,CARR
2020-12-28,39.43000030517578,37.75,38.11000061035156,37.7599983215332,3209700.0,36.9183235168457,CARR
2020-12-29,38.18000030517578,36.68000030517578,38.0,37.16999816894531,3748700.0,36.34146499633789,CARR
2020-12-30,37.79999923706055,37.25,37.310001373291016,37.72999954223633,3051000.0,36.88898849487305,CARR
2020-12-31,37.810001373291016,36.91999816894531,37.619998931884766,37.720001220703125,2096800.0,36.879215240478516,CARR
2021-01-04,38.380001068115234,36.97999954223633,38.349998474121094,37.029998779296875,4584200.0,36.20458984375,CARR
2021-01-05,38.18000030517578,36.79999923706055,37.0,37.939998626708984,3701500.0,37.09431076049805,CARR
2021-01-06,40.2599983215332,38.31999969482422,38.31999969482422,40.04999923706055,6211500.0,39.15727233886719,CARR
2021-01-07,41.189998626708984,40.0,40.40999984741211,41.09000015258789,7771900.0,40.17409896850586,CARR
2021-01-08,41.349998474121094,40.0,41.20000076293945,40.689998626708984,6964100.0,39.78300476074219,CARR
2021-01-11,41.84299850463867,39.849998474121094,39.880001068115234,41.56999969482422,3761400.0,40.643394470214844,CARR
2021-01-12,41.939998626708984,41.04999923706055,41.560001373291016,41.7400016784668,4436100.0,40.80960464477539,CARR
2021-01-13,41.88999938964844,40.83000183105469,41.41999816894531,41.380001068115234,3948600.0,40.4576301574707,CARR
2021-01-14,41.59000015258789,40.72999954223633,41.400001525878906,40.79999923706055,3748900.0,39.890560150146484,CARR
2021-01-15,40.599998474121094,39.57099914550781,40.599998474121094,40.380001068115234,4501100.0,39.479923248291016,CARR
2021-01-19,40.97999954223633,40.20000076293945,40.70000076293945,40.369998931884766,3383000.0,39.47013854980469,CARR
2021-01-20,40.40999984741211,39.689998626708984,40.40999984741211,40.040000915527344,4654700.0,39.14750289916992,CARR
2021-01-21,40.400001525878906,39.209999084472656,40.400001525878906,39.7400016784668,4647200.0,38.85418701171875,CARR
2021-01-22,40.11000061035156,39.099998474121094,39.20000076293945,39.5099983215332,2585000.0,38.62931442260742,CARR
2021-01-25,39.05699920654297,37.20000076293945,38.970001220703125,38.88999938964844,9176800.0,38.023128509521484,CARR
2021-01-26,39.04999923706055,37.29999923706055,38.88999938964844,37.31999969482422,4945100.0,36.488128662109375,CARR
2021-01-27,36.779998779296875,34.209999084472656,36.599998474121094,36.22999954223633,8138300.0,35.422420501708984,CARR
2021-01-28,38.45000076293945,36.42100143432617,36.810001373291016,38.20000076293945,8108500.0,37.348514556884766,CARR
2021-01-29,38.79999923706055,37.77000045776367,37.88999938964844,38.5,16346400.0,37.64182662963867,CARR
2021-02-01,39.45000076293945,38.54999923706055,39.20000076293945,38.65999984741211,4731700.0,37.79825973510742,CARR
2021-02-02,39.400001525878906,38.43000030517578,39.119998931884766,38.47999954223633,2902000.0,37.62226867675781,CARR
2021-02-03,38.65999984741211,37.95600128173828,38.29999923706055,38.150001525878906,2987900.0,37.29962921142578,CARR
2021-02-04,38.529998779296875,37.86000061035156,38.369998931884766,38.33000183105469,3439000.0,37.475616455078125,CARR
2021-02-05,39.9900016784668,38.0,38.0,39.150001525878906,4409600.0,38.277339935302734,CARR
2021-02-08,40.119998931884766,39.34000015258789,39.529998779296875,39.70000076293945,4544800.0,38.81508255004883,CARR
2021-02-09,38.279998779296875,36.95000076293945,37.099998474121094,37.25,12941200.0,36.41969299316406,CARR
2021-02-10,37.95000076293945,36.79999923706055,37.65999984741211,37.189998626708984,7926400.0,36.36102294921875,CARR
2021-02-11,37.474998474121094,36.630001068115234,37.29999923706055,37.20000076293945,11064800.0,36.37080001831055,CARR
2021-02-12,37.400001525878906,36.7599983215332,37.0,37.279998779296875,5472800.0,36.44902038574219,CARR
2021-02-16,37.525001525878906,36.775001525878906,37.459999084472656,37.40999984741211,4174600.0,36.57612609863281,CARR
2021-02-17,37.36899948120117,36.70000076293945,37.22999954223633,37.2400016784668,3844400.0,36.409912109375,CARR
2021-02-18,37.22999954223633,36.36199951171875,37.09000015258789,36.650001525878906,3961800.0,35.83306121826172,CARR
2021-02-19,37.7599983215332,36.959999084472656,37.0,37.63999938964844,3225600.0,36.800994873046875,CARR
2021-02-22,37.869998931884766,37.27000045776367,37.40999984741211,37.29999923706055,3017600.0,36.46857833862305,CARR
2021-02-23,37.189998626708984,35.81999969482422,36.83000183105469,37.099998474121094,4340100.0,36.273033142089844,CARR
2021-02-24,37.5099983215332,36.69499969482422,36.86000061035156,37.45000076293945,5952400.0,36.615234375,CARR
2021-02-25,37.27000045776367,35.939998626708984,37.06999969482422,36.13999938964844,4449900.0,35.33442687988281,CARR
2021-02-26,37.0,36.02000045776367,36.38999938964844,36.529998779296875,5375200.0,35.715736389160156,CARR
2021-03-01,37.564998626708984,36.720001220703125,36.7599983215332,37.20000076293945,4156800.0,36.37080001831055,CARR
2021-03-02,37.41999816894531,36.68000030517578,37.400001525878906,37.13999938964844,4431900.0,36.3121452331543,CARR
2021-03-03,37.577999114990234,36.630001068115234,36.849998474121094,37.119998931884766,7100100.0,36.2925910949707,CARR
2021-03-04,37.209999084472656,35.060001373291016,36.95000076293945,35.52000045776367,6859200.0,34.728248596191406,CARR
2021-03-05,37.040000915527344,34.75,36.119998931884766,36.939998626708984,7047300.0,36.11660385131836,CARR
2021-03-08,37.790000915527344,36.29999923706055,36.790000915527344,37.060001373291016,4659800.0,36.23392868041992,CARR
2021-03-09,37.709999084472656,37.099998474121094,37.349998474121094,37.119998931884766,3643400.0,36.2925910949707,CARR
2021-03-10,39.099998474121094,37.47999954223633,37.61000061035156,38.779998779296875,6976500.0,37.91558837890625,CARR
2021-03-11,39.56999969482422,38.61000061035156,39.27000045776367,39.22999954223633,5156100.0,38.355552673339844,CARR
2021-03-12,39.619998931884766,38.91999816894531,39.0,39.59000015258789,2546200.0,38.70752716064453,CARR
2021-03-15,39.7400016784668,39.099998474121094,39.220001220703125,39.599998474121094,3634300.0,38.71730422973633,CARR
2021-03-16,39.650001525878906,38.310001373291016,39.619998931884766,38.56999969482422,5740800.0,37.71026611328125,CARR
2021-03-17,39.36000061035156,38.43000030517578,38.810001373291016,39.349998474121094,4066000.0,38.47288513183594,CARR
2021-03-18,41.599998474121094,39.400001525878906,39.400001525878906,41.0,10045200.0,40.086097717285156,CARR
2021-03-19,41.310001373291016,40.58100128173828,41.22999954223633,40.90999984741211,11066100.0,39.99810791015625,CARR
2021-03-22,41.689998626708984,39.849998474121094,40.619998931884766,41.40999984741211,10396900.0,40.48696517944336,CARR
2021-03-23,41.4900016784668,40.05500030517578,40.91999816894531,40.290000915527344,11248200.0,39.39192581176758,CARR
2021-03-24,41.22999954223633,40.130001068115234,40.5,40.13999938964844,8587400.0,39.245262145996094,CARR
2021-03-25,40.474998474121094,39.58000183105469,40.189998626708984,40.349998474121094,8091900.0,39.45058822631836,CARR
2021-03-26,41.13999938964844,39.83000183105469,40.81999969482422,41.09000015258789,5120300.0,40.17409896850586,CARR
2021-03-29,42.97999954223633,41.95199966430664,42.209999084472656,42.34000015258789,7698800.0,41.3962287902832,CARR
2021-03-30,42.91999816894531,41.790000915527344,42.06999969482422,42.36000061035156,3982200.0,41.41578674316406,CARR
2021-03-31,43.47999954223633,42.029998779296875,43.0,42.220001220703125,7297800.0,41.278900146484375,CARR
2021-04-01,42.400001525878906,41.86000061035156,42.22999954223633,42.02000045776367,4759900.0,41.0833625793457,CARR
2021-04-05,42.91999816894531,42.33000183105469,42.38999938964844,42.58000183105469,5731800.0,41.630882263183594,CARR
2021-04-06,43.29999923706055,42.29999923706055,42.63999938964844,42.810001373291016,6692600.0,41.85575485229492,CARR
2021-04-07,42.84000015258789,42.13999938964844,42.560001373291016,42.689998626708984,6117300.0,41.73843002319336,CARR
2021-04-08,43.0,42.04999923706055,42.58000183105469,42.529998779296875,5212400.0,41.58199691772461,CARR
2021-04-09,43.060001373291016,42.2599983215332,42.849998474121094,42.75,5578100.0,41.797096252441406,CARR
2021-04-12,43.005001068115234,42.47999954223633,42.79999923706055,42.599998474121094,5868600.0,41.650428771972656,CARR
2021-04-13,43.369998931884766,42.2400016784668,42.4900016784668,43.15999984741211,7778500.0,42.19795227050781,CARR
2021-04-14,43.779998779296875,43.060001373291016,43.130001068115234,43.130001068115234,4651100.0,42.16862869262695,CARR
2021-04-15,43.77000045776367,42.70000076293945,43.20000076293945,43.59000015258789,7090900.0,42.61837387084961,CARR
2021-04-16,44.279998779296875,43.439998626708984,43.880001068115234,43.880001068115234,5575700.0,42.90190505981445,CARR
2021-04-19,44.64500045776367,43.66999816894531,44.0,43.869998931884766,10654900.0,42.892127990722656,CARR
2021-04-20,43.66999816894531,42.0099983215332,43.58000183105469,42.52000045776367,6545400.0,41.57222366333008,CARR
2021-04-21,43.125,42.20000076293945,42.5,43.060001373291016,4288100.0,42.100189208984375,CARR
2021-04-22,43.709999084472656,42.849998474121094,43.2400016784668,43.09000015258789,6473400.0,42.12950897216797,CARR
2021-04-23,44.560001373291016,43.06999969482422,43.36000061035156,44.470001220703125,6615300.0,43.478755950927734,CARR
2021-04-26,45.15999984741211,44.02000045776367,44.81999969482422,44.099998474121094,4019400.0,43.117000579833984,CARR
2021-04-27,45.040000915527344,44.0,44.150001525878906,44.959999084472656,6740600.0,43.95783233642578,CARR
2021-04-28,45.31999969482422,44.470001220703125,44.939998626708984,44.4900016784668,6560200.0,43.49830627441406,CARR
2021-04-29,44.880001068115234,43.38999938964844,43.970001220703125,44.150001525878906,9151900.0,43.165889739990234,CARR
2021-04-30,43.849998474121094,42.9900016784668,43.68000030517578,43.58000183105469,7279100.0,42.7247200012207,CARR
2021-05-03,44.189998626708984,43.18000030517578,44.119998931884766,43.459999084472656,3928800.0,42.60707473754883,CARR
2021-05-04,43.36000061035156,42.779998779296875,43.15999984741211,43.130001068115234,9900900.0,42.28355407714844,CARR
2021-05-05,43.779998779296875,43.150001525878906,43.470001220703125,43.27000045776367,6946100.0,42.42080307006836,CARR
2021-05-06,44.189998626708984,43.15999984741211,43.34000015258789,44.15999984741211,6237900.0,43.2933349609375,CARR
2021-05-07,45.26499938964844,43.869998931884766,44.119998931884766,44.84000015258789,5266100.0,43.95998764038086,CARR
2021-05-10,45.650001525878906,44.88999938964844,44.88999938964844,45.40999984741211,5929800.0,44.51880645751953,CARR
2021-05-11,45.119998931884766,44.0099983215332,45.119998931884766,44.5,8457300.0,43.62666320800781,CARR
2021-05-12,44.439998626708984,42.38999938964844,44.2400016784668,42.43000030517578,7542300.0,41.5972900390625,CARR
2021-05-13,43.63999938964844,42.5099983215332,42.68000030517578,43.25,5084200.0,42.40119934082031,CARR
2021-05-14,44.08000183105469,43.45000076293945,43.61000061035156,43.63999938964844,4398200.0,42.78354263305664,CARR
2021-05-17,44.33000183105469,43.459999084472656,43.52000045776367,44.16999816894531,6998700.0,43.303138732910156,CARR
2021-05-18,44.47999954223633,43.540000915527344,44.275001525878906,43.65999984741211,6355800.0,42.80315017700195,CARR
2021-05-19,43.630001068115234,42.70000076293945,43.2400016784668,43.439998626708984,5250300.0,42.587459564208984,CARR
2021-05-20,44.06999969482422,43.209999084472656,43.560001373291016,43.88999938964844,4046000.0,43.02863693237305,CARR
2021-05-21,44.720001220703125,43.869998931884766,44.16999816894531,43.880001068115234,5536500.0,43.01883316040039,CARR
2021-05-24,44.68000030517578,43.93000030517578,44.08000183105469,44.380001068115234,5125600.0,43.50901794433594,CARR
2021-05-25,45.18000030517578,44.5099983215332,44.650001525878906,44.720001220703125,7026800.0,43.84234619140625,CARR
2021-05-26,45.029998779296875,44.525001525878906,44.779998779296875,44.720001220703125,6345000.0,43.84234619140625,CARR
2021-05-27,45.47999954223633,44.84000015258789,45.06999969482422,45.310001373291016,12343700.0,44.4207649230957,CARR
2021-05-28,46.130001068115234,45.40999984741211,45.69499969482422,45.93000030517578,4197100.0,45.02859878540039,CARR
2021-06-01,47.09000015258789,46.58000183105469,46.61000061035156,46.849998474121094,6199300.0,45.930545806884766,CARR
2021-06-02,46.935001373291016,45.90999984741211,46.7599983215332,46.04999923706055,5729600.0,45.14624786376953,CARR
2021-06-03,46.18000030517578,45.13999938964844,45.72999954223633,45.72999954223633,4230800.0,44.832523345947266,CARR
2021-06-04,46.04999923706055,45.7599983215332,45.95000076293945,45.88999938964844,4016900.0,44.989383697509766,CARR
2021-06-07,46.369998931884766,45.869998931884766,46.18000030517578,46.060001373291016,2982400.0,45.15604782104492,CARR
2021-06-08,46.459999084472656,45.790000915527344,46.20000076293945,46.36000061035156,3174000.0,45.450157165527344,CARR
2021-06-09,46.529998779296875,45.9900016784668,46.29999923706055,46.189998626708984,4567000.0,45.28349304199219,CARR
2021-06-10,46.630001068115234,45.779998779296875,46.40999984741211,45.86000061035156,5163900.0,44.95996856689453,CARR
2021-06-11,46.279998779296875,45.65999984741211,46.16999816894531,46.099998474121094,4065700.0,45.195255279541016,CARR
2021-06-14,46.290000915527344,45.76100158691406,46.099998474121094,46.209999084472656,3427700.0,45.3031005859375,CARR
2021-06-15,46.599998474121094,45.81999969482422,46.290000915527344,46.529998779296875,3962900.0,45.616817474365234,CARR
2021-06-16,47.132999420166016,46.474998474121094,46.72999954223633,46.90999984741211,6778600.0,45.98936462402344,CARR
2021-06-17,46.90999984741211,45.11000061035156,46.900001525878906,46.130001068115234,6200000.0,45.224674224853516,CARR
2021-06-18,45.86000061035156,45.02000045776367,45.43000030517578,45.04999923706055,7343600.0,44.165870666503906,CARR
2021-06-21,46.61000061035156,45.29999923706055,45.400001525878906,46.5,4158800.0,45.58741760253906,CARR
2021-06-22,46.70000076293945,46.0099983215332,46.599998474121094,46.11000061035156,4046100.0,45.2050666809082,CARR
2021-06-23,46.63999938964844,45.689998626708984,46.5,46.099998474121094,3100600.0,45.31318283081055,CARR
2021-06-24,46.38999938964844,45.95000076293945,46.25,46.220001220703125,3007300.0,45.4311408996582,CARR
2021-06-25,47.16999816894531,46.2400016784668,46.33000183105469,47.060001373291016,8003600.0,46.256805419921875,CARR
2021-06-28,47.939998626708984,46.67499923706055,47.060001373291016,47.880001068115234,6283700.0,47.06281280517578,CARR
2021-06-29,49.099998474121094,48.029998779296875,48.029998779296875,48.709999084472656,9447900.0,47.878639221191406,CARR
2021-06-30,48.9900016784668,48.25,48.459999084472656,48.599998474121094,4915700.0,47.77051544189453,CARR
2021-07-01,48.88999938964844,48.310001373291016,48.619998931884766,48.75,3466300.0,47.9179573059082,CARR
2021-07-02,48.900001525878906,48.439998626708984,48.79999923706055,48.52000045776367,2702900.0,47.6918830871582,CARR
2021-07-06,48.625,47.619998931884766,48.61000061035156,48.16999816894531,4026400.0,47.34785079956055,CARR
2021-07-07,49.05500030517578,48.02000045776367,48.20000076293945,48.83000183105469,4355900.0,47.99659729003906,CARR
2021-07-08,48.41999816894531,47.529998779296875,47.810001373291016,48.04999923706055,3482300.0,47.22990417480469,CARR
2021-07-09,48.8650016784668,48.209999084472656,48.54999923706055,48.27000045776367,3932600.0,47.44615173339844,CARR
2021-07-12,49.27000045776367,47.97999954223633,48.5,49.209999084472656,7450400.0,48.37010955810547,CARR
2021-07-13,49.6150016784668,49.02000045776367,49.09000015258789,49.22999954223633,5600100.0,48.389766693115234,CARR
2021-07-14,49.720001220703125,48.900001525878906,49.400001525878906,49.0,3919800.0,48.163692474365234,CARR
2021-07-15,49.67499923706055,48.5099983215332,48.72999954223633,49.560001373291016,3872700.0,48.71413803100586,CARR
2021-07-16,49.810001373291016,49.0,49.560001373291016,49.08000183105469,3331200.0,48.24232864379883,CARR
2021-07-19,48.5,47.650001525878906,48.310001373291016,48.25,3722800.0,47.426490783691406,CARR
2021-07-20,50.064998626708984,48.31700134277344,48.47999954223633,49.900001525878906,5358600.0,49.048336029052734,CARR
2021-07-21,50.59000015258789,49.939998626708984,50.02000045776367,50.45000076293945,3963100.0,49.58894348144531,CARR
2021-07-22,51.01499938964844,50.22999954223633,50.5,50.810001373291016,6025400.0,49.94280242919922,CARR
2021-07-23,51.959999084472656,50.939998626708984,50.959999084472656,51.900001525878906,4494200.0,51.014198303222656,CARR
2021-07-26,52.0880012512207,51.2599983215332,51.79999923706055,51.5099983215332,2856100.0,50.6308479309082,CARR
2021-07-27,52.40999984741211,51.2400016784668,51.5,51.959999084472656,4072200.0,51.07317352294922,CARR
2021-07-28,52.29999923706055,51.529998779296875,51.869998931884766,51.56999969482422,5156200.0,50.689823150634766,CARR
2021-07-29,54.08000183105469,52.18000030517578,53.07500076293945,53.939998626708984,6166600.0,53.019378662109375,CARR
2021-07-30,55.5099983215332,53.959999084472656,54.220001220703125,55.25,6506800.0,54.3070182800293,CARR
2021-08-02,56.029998779296875,54.481998443603516,55.29999923706055,54.61000061035156,4010800.0,53.67794418334961,CARR
2021-08-03,57.25,54.97999954223633,54.9900016784668,57.18000030517578,4994000.0,56.204078674316406,CARR
2021-08-04,57.900001525878906,56.540000915527344,56.599998474121094,57.040000915527344,4619100.0,56.06647491455078,CARR
2021-08-05,57.53499984741211,55.90999984741211,57.36000061035156,56.31999969482422,4508600.0,55.35875701904297,CARR
2021-08-06,56.81999969482422,55.85499954223633,56.52000045776367,56.380001068115234,4686200.0,55.4177360534668,CARR
2021-08-09,56.52899932861328,55.95500183105469,56.099998474121094,56.2400016784668,2423800.0,55.280128479003906,CARR
2021-08-10,57.5,56.2599983215332,56.400001525878906,56.61000061035156,3763200.0,55.6438102722168,CARR
2021-08-11,57.027000427246094,56.08000183105469,56.779998779296875,56.88999938964844,3039200.0,55.919029235839844,CARR
2021-08-12,56.56999969482422,55.66999816894531,56.34000015258789,55.97999954223633,3510400.0,55.024559020996094,CARR
2021-08-13,56.25,55.7400016784668,55.939998626708984,56.150001525878906,2316300.0,55.19165802001953,CARR
2021-08-16,56.83000183105469,55.619998931884766,55.9900016784668,56.599998474121094,2081400.0,55.633975982666016,CARR
2021-08-17,56.13999938964844,54.369998931884766,55.95000076293945,55.150001525878906,3597000.0,54.2087287902832,CARR
2021-08-18,55.9900016784668,55.040000915527344,55.150001525878906,55.16999816894531,2632300.0,54.22838592529297,CARR
2021-08-19,55.97999954223633,54.22999954223633,54.29999923706055,55.25,4225200.0,54.3070182800293,CARR
2021-08-20,55.599998474121094,54.709999084472656,55.470001220703125,55.369998931884766,2621200.0,54.42497253417969,CARR
2021-08-23,56.165000915527344,55.349998474121094,55.86000061035156,55.880001068115234,3493300.0,54.92626953125,CARR
2021-08-24,56.685001373291016,55.7400016784668,55.779998779296875,56.61000061035156,2546500.0,55.6438102722168,CARR
2021-08-25,58.040000915527344,56.43000030517578,56.459999084472656,57.7400016784668,3900200.0,56.75452423095703,CARR
2021-08-26,57.974998474121094,57.154998779296875,57.650001525878906,57.380001068115234,3601000.0,56.40066909790039,CARR
2021-08-27,58.41999816894531,57.61000061035156,57.61000061035156,58.31999969482422,3722600.0,57.324623107910156,CARR
2021-08-30,58.88999938964844,58.02000045776367,58.52000045776367,58.029998779296875,3709300.0,57.039573669433594,CARR
2021-08-31,58.0099983215332,56.939998626708984,58.0,57.599998474121094,4837900.0,56.616912841796875,CARR
2021-09-01,57.970001220703125,56.7400016784668,57.900001525878906,57.88999938964844,3007500.0,56.90196228027344,CARR
2021-09-02,58.290000915527344,57.470001220703125,58.150001525878906,57.91999816894531,3333300.0,56.93144989013672,CARR
2021-09-03,57.86000061035156,57.25,57.68000030517578,57.40999984741211,3048700.0,56.430152893066406,CARR
2021-09-07,56.9900016784668,56.090999603271484,56.31999969482422,56.220001220703125,4744800.0,55.26047134399414,CARR
2021-09-08,56.95000076293945,55.790000915527344,56.08000183105469,56.65999984741211,2650800.0,55.692955017089844,CARR
2021-09-09,57.39500045776367,56.40999984741211,56.810001373291016,56.72999954223633,2202000.0,55.76176071166992,CARR
2021-09-10,57.22999954223633,56.400001525878906,57.15999984741211,56.43000030517578,2345300.0,55.46688461303711,CARR
2021-09-13,57.08000183105469,55.18000030517578,56.939998626708984,55.7400016784668,4235500.0,54.788658142089844,CARR
2021-09-14,56.03499984741211,54.59000015258789,56.0,54.97999954223633,6193900.0,54.04163360595703,CARR
2021-09-15,55.900001525878906,54.83000183105469,55.060001373291016,55.7599983215332,3148900.0,54.808319091796875,CARR
2021-09-16,55.86000061035156,54.689998626708984,55.66999816894531,55.06999969482422,6828000.0,54.13009262084961,CARR
2021-09-17,55.08000183105469,54.56999969482422,54.77000045776367,55.0,15945100.0,54.06128692626953,CARR
2021-09-20,54.599998474121094,53.060001373291016,53.95000076293945,53.81999969482422,6439800.0,52.901424407958984,CARR
2021-09-21,54.15999984741211,51.66999816894531,54.11000061035156,51.689998626708984,8805600.0,50.807777404785156,CARR
2021-09-22,53.119998931884766,52.09000015258789,52.16999816894531,52.59000015258789,7154300.0,51.69242477416992,CARR
2021-09-23,54.17499923706055,52.97999954223633,52.97999954223633,53.4900016784668,4273700.0,52.577064514160156,CARR
2021-09-24,53.459999084472656,52.810001373291016,52.88999938964844,53.119998931884766,2135700.0,52.21337127685547,CARR
2021-09-27,53.13999938964844,52.275001525878906,53.09000015258789,52.369998931884766,2297800.0,51.47616958618164,CARR
2021-09-28,52.18000030517578,51.310001373291016,51.77000045776367,51.959999084472656,5489800.0,51.07317352294922,CARR
2021-09-29,53.06999969482422,52.20000076293945,52.27000045776367,52.849998474121094,4735200.0,51.94798278808594,CARR
2021-09-30,53.68000030517578,51.72999954223633,53.13999938964844,51.7599983215332,7036700.0,50.8765869140625,CARR
2021-10-01,52.75,51.125,51.86000061035156,52.459999084472656,3618500.0,51.56464385986328,CARR
2021-10-04,52.52000045776367,51.560001373291016,52.060001373291016,52.33000183105469,3638300.0,51.436859130859375,CARR
2021-10-05,53.42499923706055,52.290000915527344,52.619998931884766,52.81999969482422,3524600.0,51.91849899291992,CARR
2021-10-06,52.709999084472656,51.61000061035156,52.130001068115234,52.61000061035156,2767500.0,51.71207809448242,CARR
2021-10-07,53.97999954223633,53.2400016784668,53.2400016784668,53.349998474121094,2225300.0,52.43944549560547,CARR
2021-10-08,53.209999084472656,51.459999084472656,52.939998626708984,51.5,3108600.0,50.62102508544922,CARR
2021-10-11,51.95000076293945,51.10100173950195,51.36000061035156,51.25,2566700.0,50.37528991699219,CARR
2021-10-12,51.439998626708984,50.08000183105469,51.28499984741211,50.29999923706055,6017700.0,49.44150924682617,CARR
2021-10-13,50.970001220703125,49.93000030517578,50.66999816894531,50.72999954223633,4474800.0,49.864166259765625,CARR
2021-10-14,53.04999923706055,51.290000915527344,51.369998931884766,53.0099983215332,5567200.0,52.10525131225586,CARR
2021-10-15,53.91999816894531,53.060001373291016,53.56999969482422,53.43000030517578,3602200.0,52.51808547973633,CARR
2021-10-18,54.02000045776367,52.90999984741211,52.97999954223633,53.97999954223633,2449600.0,53.058692932128906,CARR
2021-10-19,54.4900016784668,53.38999938964844,54.400001525878906,53.970001220703125,3360600.0,53.048866271972656,CARR
2021-10-20,54.58000183105469,53.720001220703125,54.220001220703125,54.02000045776367,3884100.0,53.09801483154297,CARR
2021-10-21,54.34000015258789,53.529998779296875,53.790000915527344,54.31999969482422,2397900.0,53.39289093017578,CARR
2021-10-22,55.099998474121094,54.38999938964844,54.77000045776367,54.65999984741211,3510600.0,53.727088928222656,CARR
2021-10-25,55.34000015258789,53.349998474121094,54.119998931884766,54.599998474121094,3312900.0,53.66810989379883,CARR
2021-10-26,54.880001068115234,53.68000030517578,54.70000076293945,53.72999954223633,2314700.0,52.81296157836914,CARR
2021-10-27,54.29999923706055,53.09000015258789,53.65999984741211,53.15999984741211,2673400.0,52.25269317626953,CARR
2021-10-28,54.505001068115234,52.630001068115234,53.209999084472656,54.41999816894531,3441300.0,53.612205505371094,CARR
2021-10-29,54.08000183105469,52.040000915527344,53.560001373291016,52.22999954223633,3955800.0,51.454715728759766,CARR
2021-11-01,52.66999816894531,51.86000061035156,52.349998474121094,52.16999816894531,2945900.0,51.39560317993164,CARR
2021-11-02,53.029998779296875,51.869998931884766,52.4900016784668,52.400001525878906,4231000.0,51.622196197509766,CARR
2021-11-03,52.5,51.18000030517578,51.95000076293945,51.970001220703125,3105700.0,51.19858169555664,CARR
2021-11-04,53.02000045776367,51.91999816894531,51.91999816894531,52.970001220703125,2486300.0,52.18373489379883,CARR
2021-11-05,53.44499969482422,52.41999816894531,53.209999084472656,52.790000915527344,2466600.0,52.006404876708984,CARR
2021-11-08,53.41999816894531,52.369998931884766,52.97999954223633,53.34000015258789,2144800.0,52.548240661621094,CARR
2021-11-09,54.86000061035156,53.5,53.56999969482422,54.810001373291016,3504300.0,53.996421813964844,CARR
2021-11-10,55.060001373291016,54.40999984741211,54.939998626708984,54.630001068115234,2901800.0,53.819095611572266,CARR
2021-11-11,54.880001068115234,53.90999984741211,54.790000915527344,54.5,2315300.0,53.69102096557617,CARR
2021-11-12,56.15999984741211,54.68000030517578,54.900001525878906,56.119998931884766,2842500.0,55.28697204589844,CARR
2021-11-15,56.33000183105469,55.5,56.060001373291016,55.70000076293945,2956800.0,54.87321090698242,CARR
2021-11-16,56.630001068115234,55.5,55.52000045776367,56.2599983215332,3179900.0,55.424896240234375,CARR
2021-11-17,56.540000915527344,55.91999816894531,56.5,56.119998931884766,2507500.0,55.28697204589844,CARR
2021-11-18,57.060001373291016,56.20000076293945,56.54999923706055,57.02000045776367,3626600.0,56.173614501953125,CARR
2021-11-19,57.970001220703125,56.93000030517578,56.96500015258789,57.150001525878906,5009400.0,56.30168533325195,CARR
2021-11-22,57.599998474121094,56.400001525878906,57.369998931884766,56.40999984741211,4717900.0,55.572669982910156,CARR
2021-11-23,56.61000061035156,54.52000045776367,56.29999923706055,54.869998931884766,5108900.0,54.05552673339844,CARR
2021-11-24,55.83000183105469,54.349998474121094,54.58000183105469,55.689998626708984,3618700.0,54.86335754394531,CARR
2021-11-26,55.65999984741211,54.619998931884766,54.81999969482422,55.380001068115234,2927600.0,54.557960510253906,CARR
2021-11-29,56.20000076293945,55.02000045776367,56.15999984741211,55.97999954223633,3250400.0,55.149051666259766,CARR
2021-11-30,56.040000915527344,53.65999984741211,55.869998931884766,54.119998931884766,10100100.0,53.3166618347168,CARR
2021-12-01,55.900001525878906,53.54999923706055,54.790000915527344,53.599998474121094,4355300.0,52.804378509521484,CARR
2021-12-02,55.70000076293945,53.95000076293945,53.95000076293945,55.52000045776367,2869100.0,54.69588088989258,CARR
2021-12-03,56.17499923706055,54.970001220703125,55.86000061035156,56.119998931884766,3031200.0,55.28697204589844,CARR
2021-12-06,56.505001068115234,55.650001525878906,56.369998931884766,55.849998474121094,3194500.0,55.02098083496094,CARR
2021-12-07,57.689998626708984,55.77000045776367,56.13999938964844,56.63999938964844,3700200.0,55.79925537109375,CARR
2021-12-08,56.67499923706055,55.970001220703125,56.599998474121094,56.439998626708984,2563200.0,55.60222244262695,CARR
2021-12-09,57.025001525878906,55.91999816894531,56.720001220703125,55.9900016784668,2174700.0,55.15890121459961,CARR
2021-12-10,55.84000015258789,54.54999923706055,55.060001373291016,55.5099983215332,2536000.0,54.68602752685547,CARR
2021-12-13,56.040000915527344,54.88999938964844,55.81999969482422,54.93000030517578,4287700.0,54.11463928222656,CARR
2021-12-14,54.779998779296875,52.902000427246094,54.15999984741211,53.54999923706055,3663500.0,52.75511932373047,CARR
2021-12-15,53.66999816894531,52.084999084472656,53.63999938964844,53.54999923706055,5989600.0,52.75511932373047,CARR
2021-12-16,54.66999816894531,53.34000015258789,54.02000045776367,53.869998931884766,3802500.0,53.070369720458984,CARR
2021-12-17,53.689998626708984,51.97999954223633,53.54999923706055,52.2599983215332,7534500.0,51.48426818847656,CARR
2021-12-20,52.040000915527344,50.36000061035156,51.900001525878906,50.90999984741211,3492000.0,50.1543083190918,CARR
2021-12-21,52.15999984741211,51.15999984741211,51.505001068115234,52.130001068115234,2162000.0,51.356201171875,CARR
2021-12-22,52.650001525878906,51.650001525878906,51.869998931884766,52.52000045776367,2282800.0,51.88971710205078,CARR
2021-12-23,53.185001373291016,52.5099983215332,52.540000915527344,52.81999969482422,1938300.0,52.186119079589844,CARR
2021-12-27,53.59000015258789,52.93000030517578,53.279998779296875,53.529998779296875,1698700.0,52.887596130371094,CARR
2021-12-28,53.77000045776367,53.2400016784668,53.45000076293945,53.47999954223633,2485500.0,52.838199615478516,CARR
2021-12-29,53.8650016784668,53.13999938964844,53.439998626708984,53.7400016784668,3183200.0,53.0950813293457,CARR
2021-12-30,54.25,53.5,53.82500076293945,53.54999923706055,1426200.0,52.90735626220703,CARR
2021-12-31,54.560001373291016,53.36000061035156,53.540000915527344,54.2400016784668,2228900.0,53.58907699584961,CARR
2022-01-03,53.599998474121094,52.220001220703125,53.150001525878906,52.52000045776367,4505100.0,51.88971710205078,CARR
2022-01-04,54.63999938964844,53.209999084472656,54.2400016784668,53.81999969482422,5460300.0,53.17411804199219,CARR
2022-01-05,54.41999816894531,52.310001373291016,53.599998474121094,52.369998931884766,3484300.0,51.741519927978516,CARR
2022-01-06,53.5099983215332,52.45000076293945,52.45000076293945,53.5,3089800.0,52.85795974731445,CARR
2022-01-07,53.83000183105469,51.83000183105469,53.33000183105469,51.84000015258789,4117000.0,51.2178840637207,CARR
2022-01-10,52.5,50.34000015258789,51.22999954223633,52.31999969482422,3902300.0,51.69211959838867,CARR
2022-01-11,52.70500183105469,51.88999938964844,52.52000045776367,52.540000915527344,2715200.0,51.909481048583984,CARR
2022-01-12,53.40999984741211,52.459999084472656,53.189998626708984,53.0,2308300.0,52.36396026611328,CARR
2022-01-13,53.31999969482422,52.06999969482422,53.0,52.20000076293945,2669100.0,51.57356262207031,CARR
2022-01-14,51.47999954223633,50.15999984741211,51.47999954223633,51.099998474121094,3246700.0,50.48675537109375,CARR
2022-01-18,50.369998931884766,49.209999084472656,50.20000076293945,49.650001525878906,4107400.0,49.054161071777344,CARR
2022-01-19,50.290000915527344,48.72999954223633,49.86000061035156,48.790000915527344,3717300.0,48.20448303222656,CARR
2022-01-20,50.189998626708984,47.994998931884766,49.189998626708984,48.029998779296875,3871600.0,47.4536018371582,CARR
2022-01-21,48.86000061035156,47.47999954223633,48.2599983215332,47.79999923706055,3876000.0,47.22636032104492,CARR
2022-01-24,47.810001373291016,45.310001373291016,45.61000061035156,47.65999984741211,8927300.0,47.088043212890625,CARR
2022-01-25,47.560001373291016,46.11000061035156,47.060001373291016,47.209999084472656,4603400.0,46.6434440612793,CARR
2022-01-26,48.310001373291016,46.08000183105469,47.81999969482422,46.66999816894531,4684400.0,46.10992431640625,CARR
2022-01-27,47.5099983215332,45.939998626708984,46.97999954223633,46.09000015258789,4483600.0,45.53688430786133,CARR
2022-01-28,46.709999084472656,45.470001220703125,46.20000076293945,46.45000076293945,10734800.0,45.8925666809082,CARR
2022-01-31,47.7400016784668,46.279998779296875,46.439998626708984,47.68000030517578,8647500.0,47.10780715942383,CARR
2022-02-01,48.06999969482422,46.380001068115234,48.0,47.04999923706055,4645400.0,46.4853630065918,CARR
2022-02-02,48.150001525878906,47.189998626708984,47.25,47.5099983215332,5972800.0,46.939842224121094,CARR
2022-02-03,47.34000015258789,46.16999816894531,46.810001373291016,46.2400016784668,6651800.0,45.685089111328125,CARR
2022-02-04,46.47999954223633,44.84000015258789,45.970001220703125,45.84000015258789,6896800.0,45.289886474609375,CARR
2022-02-07,46.119998931884766,45.349998474121094,45.650001525878906,45.720001220703125,7355300.0,45.17132568359375,CARR
2022-02-08,46.95000076293945,45.25,45.540000915527344,46.060001373291016,7924900.0,45.50724411010742,CARR
2022-02-09,48.08000183105469,46.84000015258789,46.97999954223633,47.97999954223633,6087400.0,47.404205322265625,CARR
2022-02-10,48.189998626708984,46.755001068115234,47.220001220703125,47.150001525878906,5086100.0,46.58416748046875,CARR
2022-02-11,47.220001220703125,44.9900016784668,47.040000915527344,45.5,5862900.0,44.95396423339844,CARR
2022-02-14,45.779998779296875,44.290000915527344,45.52000045776367,44.790000915527344,6410400.0,44.25248718261719,CARR
2022-02-15,45.86000061035156,45.34000015258789,45.560001373291016,45.75,4648300.0,45.200965881347656,CARR
2022-02-16,45.90999984741211,45.0,45.459999084472656,45.650001525878906,4210100.0,45.10216522216797,CARR
2022-02-17,45.5,44.459999084472656,45.15999984741211,44.58000183105469,4202400.0,44.045005798339844,CARR
2022-02-18,44.880001068115234,43.959999084472656,44.7400016784668,44.08000183105469,4938700.0,43.55101013183594,CARR
2022-02-22,45.650001525878906,43.709999084472656,43.9900016784668,45.290000915527344,7327500.0,44.74648666381836,CARR
2022-02-23,45.790000915527344,43.75,45.7599983215332,43.84000015258789,4994500.0,43.31388473510742,CARR
2022-02-24,44.81999969482422,42.45000076293945,42.75,44.709999084472656,5037300.0,44.17344284057617,CARR
2022-02-25,45.459999084472656,44.130001068115234,44.685001373291016,45.22999954223633,4237800.0,44.68720245361328,CARR
2022-02-28,45.099998474121094,44.22999954223633,44.459999084472656,44.880001068115234,4992600.0,44.34140396118164,CARR
2022-03-01,45.15999984741211,43.47999954223633,45.15999984741211,43.720001220703125,6459900.0,43.19532775878906,CARR
2022-03-02,45.18000030517578,44.03499984741211,44.13999938964844,44.90999984741211,7515000.0,44.37104415893555,CARR
2022-03-03,45.90999984741211,44.97999954223633,45.380001068115234,45.880001068115234,6534900.0,45.32940673828125,CARR
2022-03-04,45.63999938964844,44.32500076293945,45.189998626708984,45.0,9055000.0,44.459964752197266,CARR
2022-03-07,45.04499816894531,43.470001220703125,45.0,43.52000045776367,7210800.0,42.99773025512695,CARR
2022-03-08,44.41999816894531,42.849998474121094,43.400001525878906,43.58000183105469,6755900.0,43.0570068359375,CARR
2022-03-09,45.13999938964844,44.1349983215332,44.439998626708984,44.59000015258789,4529000.0,44.05488967895508,CARR
2022-03-10,44.18000030517578,43.560001373291016,43.93000030517578,43.810001373291016,3615800.0,43.28424835205078,CARR
2022-03-11,44.31999969482422,43.189998626708984,44.279998779296875,43.220001220703125,3770900.0,42.70132827758789,CARR
2022-03-14,44.099998474121094,42.834999084472656,43.54999923706055,42.90999984741211,6058800.0,42.39504623413086,CARR
2022-03-15,45.33000183105469,43.415000915527344,43.5,45.20000076293945,5998100.0,44.657569885253906,CARR
2022-03-16,47.099998474121094,45.52000045776367,45.560001373291016,46.880001068115234,5944300.0,46.31740188598633,CARR
2022-03-17,47.119998931884766,46.150001525878906,46.209999084472656,47.119998931884766,3766500.0,46.55451965332031,CARR
2022-03-18,47.83000183105469,46.63999938964844,47.15999984741211,47.779998779296875,6620000.0,47.206600189208984,CARR
2022-03-21,47.93000030517578,46.97999954223633,47.279998779296875,47.47999954223633,3467800.0,46.91020584106445,CARR
2022-03-22,47.935001373291016,47.01599884033203,47.59000015258789,47.4900016784668,3376000.0,46.92008590698242,CARR
2022-03-23,47.290000915527344,46.45000076293945,46.86000061035156,46.52000045776367,2633700.0,45.96172332763672,CARR
2022-03-24,46.72999954223633,46.029998779296875,46.689998626708984,46.16999816894531,2676500.0,45.61592102050781,CARR
2022-03-25,46.439998626708984,45.540000915527344,46.189998626708984,46.38999938964844,3624000.0,45.833282470703125,CARR
2022-03-28,46.90999984741211,46.0,46.439998626708984,46.88999938964844,2417200.0,46.3272819519043,CARR
2022-03-29,48.47999954223633,47.18000030517578,47.72999954223633,48.08000183105469,3024300.0,47.50300598144531,CARR
2022-03-30,48.220001220703125,47.36000061035156,47.880001068115234,47.56999969482422,2737400.0,46.999122619628906,CARR
2022-03-31,47.529998779296875,45.83000183105469,47.290000915527344,45.869998931884766,4390200.0,45.319522857666016,CARR
2022-04-01,46.40999984741211,45.650001525878906,46.29999923706055,46.040000915527344,2540800.0,45.487483978271484,CARR
2022-04-04,45.720001220703125,44.68000030517578,45.5099983215332,45.25,4753300.0,44.706966400146484,CARR
2022-04-05,45.17499923706055,44.34000015258789,45.040000915527344,44.540000915527344,3144300.0,44.00548553466797,CARR
2022-04-06,44.040000915527344,43.310001373291016,43.970001220703125,43.880001068115234,4214100.0,43.35340881347656,CARR
2022-04-07,44.0099983215332,43.08000183105469,43.33000183105469,43.689998626708984,4199500.0,43.165687561035156,CARR
2022-04-08,44.40999984741211,43.15999984741211,43.84000015258789,43.380001068115234,3311700.0,42.859405517578125,CARR
2022-04-11,43.2599983215332,42.30500030517578,42.810001373291016,42.439998626708984,4399000.0,41.930686950683594,CARR
2022-04-12,43.20000076293945,41.520999908447266,42.65999984741211,41.779998779296875,4808300.0,41.27860641479492,CARR
2022-04-13,42.599998474121094,41.650001525878906,41.79999923706055,42.11000061035156,3202400.0,41.60464859008789,CARR
2022-04-14,42.33000183105469,41.27000045776367,42.119998931884766,41.279998779296875,2618300.0,40.784603118896484,CARR
2022-04-18,41.779998779296875,40.959999084472656,41.33000183105469,41.290000915527344,3323000.0,40.794490814208984,CARR
2022-04-19,42.54999923706055,41.349998474121094,41.45000076293945,42.5,4335700.0,41.989967346191406,CARR
2022-04-20,43.7400016784668,42.86000061035156,42.86000061035156,43.45000076293945,3667400.0,42.928565979003906,CARR
2022-04-21,44.68000030517578,42.56999969482422,43.869998931884766,42.81999969482422,3841000.0,42.30612564086914,CARR
2022-04-22,42.54999923706055,41.61000061035156,42.459999084472656,41.66999816894531,4065400.0,41.169925689697266,CARR
2022-04-25,42.02000045776367,40.779998779296875,41.400001525878906,41.959999084472656,3254000.0,41.45644760131836,CARR
2022-04-26,41.779998779296875,39.93000030517578,41.599998474121094,40.04999923706055,5155000.0,39.56937026977539,CARR
2022-04-27,40.93000030517578,40.0,40.09000015258789,40.2599983215332,4349400.0,39.77684783935547,CARR
2022-04-28,39.654998779296875,36.22999954223633,36.279998779296875,39.40999984741211,15034800.0,39.08266067504883,CARR
2022-04-29,39.59000015258789,38.099998474121094,39.560001373291016,38.27000045776367,8408100.0,37.95212936401367,CARR
2022-05-02,39.040000915527344,37.625999450683594,38.540000915527344,38.599998474121094,7172200.0,38.279388427734375,CARR
2022-05-03,38.779998779296875,38.040000915527344,38.61000061035156,38.380001068115234,9902700.0,38.06121826171875,CARR
2022-05-04,39.57500076293945,37.310001373291016,38.4900016784668,39.40999984741211,7947300.0,39.08266067504883,CARR
2022-05-05,39.43000030517578,37.56999969482422,38.959999084472656,37.959999084472656,5054100.0,37.64470291137695,CARR
2022-05-06,38.0,37.06999969482422,37.779998779296875,37.779998779296875,4821000.0,37.46620178222656,CARR
2022-05-09,38.790000915527344,37.02000045776367,37.220001220703125,38.130001068115234,6091700.0,37.81329345703125,CARR
2022-05-10,38.900001525878906,37.21500015258789,38.61000061035156,38.09000015258789,5792700.0,37.77362823486328,CARR
2022-05-11,38.7599983215332,37.529998779296875,38.06999969482422,37.59000015258789,4809700.0,37.27777862548828,CARR
2022-05-12,39.13999938964844,37.279998779296875,37.5099983215332,39.099998474121094,7032900.0,38.77523422241211,CARR
2022-05-13,40.43000030517578,39.59000015258789,39.59000015258789,40.189998626708984,5070700.0,39.85618209838867,CARR
2022-05-16,40.275001525878906,39.2599983215332,39.93000030517578,39.86000061035156,5684800.0,39.528926849365234,CARR
2022-05-17,40.72999954223633,39.31999969482422,40.619998931884766,40.18000030517578,6868800.0,39.84626770019531,CARR
2022-05-18,39.47999954223633,37.20000076293945,38.75,37.36000061035156,7059600.0,37.04969024658203,CARR
2022-05-19,38.0099983215332,36.90999984741211,37.099998474121094,37.40999984741211,4142300.0,37.099273681640625,CARR
2022-05-20,38.22999954223633,36.97999954223633,37.959999084472656,37.959999084472656,5539600.0,37.64470291137695,CARR
2022-05-23,38.58000183105469,37.65999984741211,38.52000045776367,38.27000045776367,3170200.0,37.95212936401367,CARR
2022-05-24,38.25,37.0,38.04999923706055,37.939998626708984,3252900.0,37.624874114990234,CARR
2022-05-25,38.46500015258789,37.56999969482422,37.68000030517578,38.290000915527344,3608400.0,37.97196578979492,CARR
2022-05-26,39.46500015258789,38.70000076293945,38.70000076293945,39.33000183105469,3907900.0,39.00333023071289,CARR
2022-05-27,40.3650016784668,39.75,39.7599983215332,40.22999954223633,3359700.0,39.895851135253906,CARR
2022-05-31,39.9900016784668,38.79999923706055,39.779998779296875,39.310001373291016,14520500.0,38.98349380493164,CARR
2022-06-01,39.40999984741211,38.5099983215332,39.27000045776367,38.939998626708984,2855700.0,38.6165657043457,CARR
2022-06-02,40.099998474121094,39.0099983215332,39.2599983215332,40.08000183105469,3231700.0,39.747100830078125,CARR
2022-06-03,39.89500045776367,39.45000076293945,39.650001525878906,39.59000015258789,3212600.0,39.26116943359375,CARR
2022-06-06,40.14500045776367,39.540000915527344,39.77000045776367,39.56999969482422,2514800.0,39.2413330078125,CARR
2022-06-07,40.0099983215332,39.13999938964844,39.2400016784668,39.9900016784668,2806200.0,39.65784454345703,CARR
2022-06-08,39.81999969482422,39.15999984741211,39.75,39.38999938964844,2830000.0,39.062828063964844,CARR
2022-06-09,39.599998474121094,38.84000015258789,39.189998626708984,38.849998474121094,2070500.0,38.527313232421875,CARR
2022-06-10,38.27000045776367,37.02000045776367,38.27000045776367,37.34000015258789,3462600.0,37.02985763549805,CARR
2022-06-13,37.060001373291016,36.04999923706055,36.41999816894531,36.4900016784668,4587300.0,36.186920166015625,CARR
2022-06-14,36.83000183105469,35.77000045776367,36.40999984741211,35.939998626708984,3892400.0,35.641483306884766,CARR
2022-06-15,37.17499923706055,35.900001525878906,36.33000183105469,36.77000045776367,4040300.0,36.4645881652832,CARR
2022-06-16,35.9900016784668,34.36000061035156,35.869998931884766,34.58000183105469,4515200.0,34.292781829833984,CARR
2022-06-17,35.18000030517578,34.2400016784668,34.650001525878906,34.40999984741211,10802500.0,34.12419128417969,CARR
2022-06-21,35.15999984741211,34.34000015258789,34.72999954223633,35.0099983215332,4685400.0,34.719207763671875,CARR
2022-06-22,35.08000183105469,34.119998931884766,34.369998931884766,34.779998779296875,6304800.0,34.639530181884766,CARR
2022-06-23,34.97999954223633,34.470001220703125,34.66999816894531,34.81999969482422,6798300.0,34.67937088012695,CARR
2022-06-24,36.400001525878906,34.96500015258789,35.15999984741211,36.29999923706055,15472900.0,36.15339279174805,CARR
2022-06-27,36.529998779296875,35.58000183105469,36.349998474121094,36.11000061035156,3897700.0,35.96416091918945,CARR
2022-06-28,36.97999954223633,35.90999984741211,36.22999954223633,35.9900016784668,5341300.0,35.84464645385742,CARR
2022-06-29,35.970001220703125,35.29999923706055,35.91999816894531,35.790000915527344,5743200.0,35.64545440673828,CARR
2022-06-30,36.349998474121094,35.31999969482422,35.52000045776367,35.65999984741211,6442300.0,35.5159797668457,CARR
2022-07-01,36.2599983215332,35.380001068115234,35.77000045776367,36.0,4214200.0,35.85460662841797,CARR
2022-07-05,36.09000015258789,35.0099983215332,35.40999984741211,36.06999969482422,4414400.0,35.924320220947266,CARR
2022-07-06,36.40999984741211,35.77000045776367,36.29999923706055,36.18000030517578,3850700.0,36.033878326416016,CARR
2022-07-07,36.439998626708984,35.79999923706055,36.2599983215332,36.400001525878906,3673600.0,36.25299072265625,CARR
2022-07-08,36.505001068115234,35.939998626708984,36.40999984741211,36.06999969482422,3346800.0,35.924320220947266,CARR
2022-07-11,36.83000183105469,35.709999084472656,35.90999984741211,36.529998779296875,4201200.0,36.38246154785156,CARR
2022-07-12,37.189998626708984,35.930999755859375,36.540000915527344,36.130001068115234,3343000.0,35.98408126831055,CARR
2022-07-13,35.974998474121094,35.20000076293945,35.52000045776367,35.72999954223633,2347700.0,35.585693359375,CARR
2022-07-14,35.689998626708984,34.689998626708984,35.0,35.61000061035156,3508500.0,35.46617889404297,CARR
2022-07-15,36.25,35.564998626708984,36.119998931884766,36.0,3424000.0,35.85460662841797,CARR
2022-07-18,36.33000183105469,35.38999938964844,36.099998474121094,35.54999923706055,2593600.0,35.40642166137695,CARR
2022-07-19,37.29999923706055,35.93000030517578,36.0,37.16999816894531,2676000.0,37.01987838745117,CARR
2022-07-20,37.529998779296875,36.96500015258789,37.150001525878906,37.38999938964844,2579600.0,37.238990783691406,CARR
2022-07-21,38.314998626708984,37.220001220703125,37.400001525878906,38.27000045776367,2799800.0,38.11543655395508,CARR
2022-07-22,38.63999938964844,38.064998626708984,38.400001525878906,38.5,4294200.0,38.34450912475586,CARR
2022-07-25,38.61000061035156,37.952999114990234,38.369998931884766,38.22999954223633,4092700.0,38.075599670410156,CARR
2022-07-26,38.255001068115234,37.16999816894531,37.900001525878906,38.09000015258789,5430700.0,37.93616485595703,CARR
2022-07-27,39.65999984741211,38.029998779296875,38.31999969482422,39.540000915527344,5451500.0,39.38031005859375,CARR
2022-07-28,40.060001373291016,38.154998779296875,39.900001525878906,39.47999954223633,6629800.0,39.32054901123047,CARR
2022-07-29,40.625,39.27000045776367,39.72999954223633,40.529998779296875,4777300.0,40.36630630493164,CARR
2022-08-01,41.03499984741211,40.150001525878906,40.150001525878906,40.56999969482422,3997200.0,40.40614700317383,CARR
2022-08-02,41.13999938964844,40.20500183105469,40.40999984741211,40.40999984741211,6508800.0,40.246795654296875,CARR
2022-08-03,40.869998931884766,39.900001525878906,40.5099983215332,40.7599983215332,4707600.0,40.59537887573242,CARR
2022-08-04,41.89899826049805,40.790000915527344,40.79999923706055,41.810001373291016,5381700.0,41.64113998413086,CARR
2022-08-05,41.93000030517578,41.279998779296875,41.54999923706055,41.880001068115234,5573900.0,41.71085739135742,CARR
2022-08-08,42.66999816894531,41.90999984741211,42.22999954223633,41.939998626708984,4136400.0,41.77061462402344,CARR
2022-08-09,41.900001525878906,41.47999954223633,41.65999984741211,41.7599983215332,4719000.0,41.591339111328125,CARR
2022-08-10,43.185001373291016,42.529998779296875,42.63999938964844,42.86000061035156,3437600.0,42.6869010925293,CARR
2022-08-11,43.90999984741211,43.02000045776367,43.060001373291016,43.04999923706055,4107100.0,42.876129150390625,CARR
2022-08-12,44.0,43.04999923706055,43.2599983215332,43.970001220703125,3566700.0,43.792415618896484,CARR
2022-08-15,44.505001068115234,43.52000045776367,43.7599983215332,44.40999984741211,3302900.0,44.23064041137695,CARR
2022-08-16,44.599998474121094,43.959999084472656,44.060001373291016,44.38999938964844,2430500.0,44.21072006225586,CARR
2022-08-17,44.459999084472656,43.779998779296875,43.86000061035156,44.130001068115234,2406100.0,43.9517707824707,CARR
2022-08-18,44.404998779296875,43.9900016784668,44.22999954223633,44.29999923706055,2071500.0,44.1210823059082,CARR
2022-08-19,44.08000183105469,42.32500076293945,44.0,42.47999954223633,6053700.0,42.308433532714844,CARR
2022-08-22,41.93000030517578,41.400001525878906,41.88999938964844,41.619998931884766,5642700.0,41.451904296875,CARR
2022-08-23,41.86000061035156,41.189998626708984,41.619998931884766,41.459999084472656,4899500.0,41.29255294799805,CARR
2022-08-24,41.77000045776367,41.32500076293945,41.45000076293945,41.65999984741211,3066400.0,41.49174499511719,CARR
2022-08-25,42.255001068115234,41.599998474121094,42.0,41.9900016784668,3447200.0,41.82041549682617,CARR
2022-08-26,42.2400016784668,40.19499969482422,42.16999816894531,40.2400016784668,2669400.0,40.077484130859375,CARR
2022-08-29,40.275001525878906,39.72999954223633,39.84000015258789,39.7400016784668,3837700.0,39.57950210571289,CARR
2022-08-30,40.09000015258789,39.220001220703125,39.810001373291016,39.310001373291016,6094000.0,39.15123748779297,CARR
2022-08-31,39.60499954223633,38.959999084472656,39.56999969482422,39.119998931884766,7306700.0,38.96200180053711,CARR
2022-09-01,39.81999969482422,38.96699905395508,39.029998779296875,39.790000915527344,7003700.0,39.62929916381836,CARR
2022-09-02,40.790000915527344,39.35499954223633,40.70000076293945,39.58000183105469,3601700.0,39.42014694213867,CARR
2022-09-06,40.310001373291016,39.16999816894531,39.7400016784668,40.29999923706055,4183600.0,40.137237548828125,CARR
2022-09-07,41.525001525878906,40.349998474121094,40.43000030517578,41.5,3202500.0,41.332393646240234,CARR
2022-09-08,42.15999984741211,41.04999923706055,41.13999938964844,42.119998931884766,3962300.0,41.949886322021484,CARR
2022-09-09,42.65999984741211,41.93000030517578,42.27000045776367,42.16999816894531,3459300.0,41.99968338012695,CARR
2022-09-12,42.7599983215332,41.959999084472656,42.47999954223633,42.290000915527344,3346000.0,42.11920166015625,CARR
2022-09-13,41.790000915527344,40.810001373291016,41.220001220703125,40.880001068115234,3458100.0,40.71489715576172,CARR
2022-09-14,40.91999816894531,39.7599983215332,40.81999969482422,40.18000030517578,4451900.0,40.017723083496094,CARR
2022-09-15,40.65999984741211,39.875,40.0,40.400001525878906,3857700.0,40.23683547973633,CARR
2022-09-16,40.06999969482422,38.11000061035156,40.06999969482422,38.439998626708984,7570600.0,38.28474807739258,CARR
2022-09-19,38.88999938964844,38.029998779296875,38.13999938964844,38.81999969482422,3622500.0,38.66321563720703,CARR
2022-09-20,38.59000015258789,37.25,38.4900016784668,37.810001373291016,4278000.0,37.65729522705078,CARR
2022-09-21,38.709999084472656,37.45500183105469,38.060001373291016,37.5099983215332,3828500.0,37.35850524902344,CARR
2022-09-22,37.380001068115234,36.189998626708984,37.25,36.20000076293945,3430600.0,36.05379867553711,CARR
2022-09-23,36.38999938964844,35.62799835205078,35.95000076293945,36.11000061035156,3597200.0,35.96416091918945,CARR
2022-09-26,36.18000030517578,34.95000076293945,35.869998931884766,35.279998779296875,3284500.0,35.13751220703125,CARR
2022-09-27,35.779998779296875,35.0099983215332,35.720001220703125,35.54999923706055,4334600.0,35.40642166137695,CARR
2022-09-28,37.185001373291016,35.47999954223633,35.59000015258789,36.900001525878906,4526300.0,36.750972747802734,CARR
2022-09-29,36.599998474121094,35.349998474121094,36.47999954223633,35.619998931884766,4350000.0,35.476139068603516,CARR
2022-09-30,36.35499954223633,35.459999084472656,35.7400016784668,35.560001373291016,4559200.0,35.4163818359375,CARR
2022-10-03,37.220001220703125,35.69499969482422,35.93000030517578,36.810001373291016,3184500.0,36.66133499145508,CARR
2022-10-04,38.630001068115234,37.38999938964844,37.45000076293945,38.58000183105469,3973700.0,38.42418670654297,CARR
2022-10-05,38.529998779296875,37.689998626708984,37.91999816894531,38.20000076293945,2823600.0,38.045719146728516,CARR
2022-10-06,38.209999084472656,36.97999954223633,37.9900016784668,37.209999084472656,5592100.0,37.059715270996094,CARR
2022-10-07,36.959999084472656,35.02000045776367,36.70000076293945,35.33000183105469,9001800.0,35.187313079833984,CARR
2022-10-10,36.04499816894531,35.380001068115234,35.650001525878906,35.599998474121094,4794900.0,35.45621871948242,CARR
2022-10-11,35.95000076293945,34.96500015258789,35.45000076293945,35.150001525878906,5111800.0,35.00803756713867,CARR
2022-10-12,35.38999938964844,34.77000045776367,35.189998626708984,34.880001068115234,4065400.0,34.73912811279297,CARR
2022-10-13,35.13999938964844,33.099998474121094,33.88999938964844,34.849998474121094,7759200.0,34.70924758911133,CARR
2022-10-14,35.810001373291016,34.34000015258789,35.099998474121094,34.56999969482422,8519800.0,34.430381774902344,CARR
2022-10-17,35.9900016784668,34.91999816894531,35.52000045776367,35.54999923706055,8497400.0,35.40642166137695,CARR
2022-10-18,36.810001373291016,35.849998474121094,36.4900016784668,36.31999969482422,4229500.0,36.17331314086914,CARR
2022-10-19,35.88999938964844,34.56999969482422,35.81999969482422,34.88999938964844,4584800.0,34.749088287353516,CARR
2022-10-20,35.2599983215332,33.93000030517578,34.88999938964844,34.060001373291016,4300200.0,33.92244338989258,CARR
2022-10-21,35.349998474121094,33.95500183105469,34.20000076293945,35.189998626708984,4411100.0,35.047874450683594,CARR
2022-10-24,36.064998626708984,35.209999084472656,35.47999954223633,35.849998474121094,3761500.0,35.70520782470703,CARR
2022-10-25,37.32500076293945,35.779998779296875,35.779998779296875,37.290000915527344,5141700.0,37.13939666748047,CARR
2022-10-26,37.93000030517578,37.08000183105469,37.369998931884766,37.13999938964844,4953000.0,36.9900016784668,CARR
2022-10-27,38.59000015258789,37.529998779296875,38.04999923706055,37.880001068115234,7529900.0,37.880001068115234,CARR
2022-10-28,39.97999954223633,37.439998626708984,37.619998931884766,39.95000076293945,5534100.0,39.95000076293945,CARR
2022-10-31,39.9900016784668,39.42499923706055,39.5099983215332,39.7599983215332,5508200.0,39.7599983215332,CARR
2022-11-01,40.45000076293945,39.40999984741211,40.31999969482422,39.709999084472656,5129100.0,39.709999084472656,CARR
2022-11-02,40.959999084472656,39.099998474121094,39.72999954223633,39.119998931884766,5876900.0,39.119998931884766,CARR
2022-11-03,39.7599983215332,37.939998626708984,38.09000015258789,39.369998931884766,4270600.0,39.369998931884766,CARR
2022-11-04,40.369998931884766,39.439998626708984,40.220001220703125,40.279998779296875,3400600.0,40.279998779296875,CARR
2022-11-07,41.119998931884766,40.119998931884766,40.40999984741211,41.040000915527344,3730200.0,41.040000915527344,CARR
2022-11-08,41.8849983215332,40.904998779296875,41.189998626708984,41.40999984741211,3359800.0,41.40999984741211,CARR
2022-11-09,41.36000061035156,40.275001525878906,41.060001373291016,40.34000015258789,2803200.0,40.34000015258789,CARR
2022-11-10,43.72999954223633,42.20000076293945,42.33000183105469,43.47999954223633,5863500.0,43.47999954223633,CARR
2022-11-11,44.75199890136719,43.19900131225586,43.400001525878906,44.439998626708984,4759100.0,44.439998626708984,CARR
2022-11-14,44.43000030517578,43.59000015258789,44.0099983215332,43.61000061035156,3731600.0,43.61000061035156,CARR
2022-11-15,44.88999938964844,43.849998474121094,44.52000045776367,44.349998474121094,3127800.0,44.349998474121094,CARR
